{
	"id": "db492c2d-9e8e-45d5-a5f4-0b932ddab702",
	"name": "Psoft-G1",
	"values": [
		{
			"key": "host",
			"value": "http://localhost:8080",
			"type": "default",
			"enabled": true
		},
		{
			"key": "baseUrl",
			"value": "/api",
			"type": "default",
			"enabled": true
		},
		{
			"key": "librarianToken",
			"value": "",
			"type": "any",
			"enabled": true
		},
		{
			"key": "readerToken",
			"value": "",
			"type": "default",
			"enabled": true
		},
		{
			"key": "lendingEtag",
			"value": "",
			"type": "default",
			"enabled": true
		},
		{
			"key": "readerEtag",
			"value": "",
			"type": "default",
			"enabled": true
		},
		{
			"key": "authorEtag",
			"value": "",
			"type": "default",
			"enabled": true
		},
		{
			"key": "genreEtag",
			"value": "",
			"type": "default",
			"enabled": true
		}
	],
	"_postman_variable_scope": "environment",
	"_postman_exported_at": "2024-06-04T02:21:57.723Z",
	"_postman_exported_using": "Postman/11.1.14"
}